{
  "db_user": [
    {
      "db_given_name": "John",
      "db_surname": "Doe",
      "db_username": "John123",
      "db_email": "johndoe@mail.com",
      "db_password": "pass",
      "db_phone": "0712345678",
      "db_role_id": 3
    },
    {
      "db_given_name": "Jane",
      "db_surname": "Smith",
      "db_username": "thee_Smith",
      "db_email": "janesmith@mail.com",
      "db_password": "pass",
      "db_phone": "0712345678",
      "db_role_id": 3
    },
    {
      "db_given_name": "Frank",
      "db_surname": "Smith",
      "db_username": "The_Frankinator",
      "db_email": "janesmith@mail.com",
      "db_password": "pass",
      "db_phone": "0712345678",
      "db_role_id": 2
    },
    {
      "db_given_name": "Bobby",
      "db_surname": "Singer",
      "db_username": "sir_Bob",
      "db_email": "janesmith@mail.com",
      "db_password": "pass",
      "db_phone": "0712345678",
      "db_role_id": 2
    },
    {
      "db_given_name": "Stephens",
      "db_surname": "Stephens",
      "db_username": "Owner",
      "db_email": "janesmith@mail.com",
      "db_password": "pass",
      "db_phone": "0712345678",
      "db_role_id": 1
    }
  ]
}